decoder,beams,fps,frames_used,bleu4,rouge_l,delta_bleu4_vs_ref,ci_lo,ci_hi,pose_J,lm_J,system_J,lm_J_interpolated,on_pareto_frontier
greedy,1,16,122,19.83,39.53,-3.04,-3.74,-2.36,17.3,8.4,25.7,1,1
beam 2,2,16,122,21.19,40.89,-1.68,-2.35,-0.98,17.3,9.2,26.5,1,1
beam 4,4,16,122,21.54,41.35,-1.33,-2.00,-0.64,17.3,9.7,27.0,1,1
greedy,1,24,183,20.66,41.18,-2.22,-2.83,-1.60,25.6,8.7,34.3,1,0
beam 2,2,24,183,21.93,42.29,-0.94,-1.45,-0.39,25.6,9.9,35.5,1,1
beam 4,4,24,183,22.80,43.13,-0.07,-0.53,+0.39,25.6,10.6,36.1,1,1
greedy,1,source,221,20.88,41.56,-2.00,-2.63,-1.41,32.3,8.9,41.2,0,0
beam 2,2,source,221,22.06,42.22,-0.81,-1.29,-0.39,32.3,10.3,42.6,0,0
beam 4,4,source,221,22.87,42.98,reference,,,32.3,11.0,43.4,0,1
